credit_id,seller_id,amount,issue_date,due_date,status
1,80,583.37,2025-06-12 16:22:24.939185,2025-08-03 16:22:24.939185,Cancelled
2,83,608.3,2024-12-28 16:49:42.566296,2025-01-27 16:49:42.566296,Deposit
3,204,519.35,2025-01-06 00:56:41.472197,2025-03-22 00:56:41.472197,Deposit
4,111,255.76,2024-02-07 15:58:19.015218,2024-04-28 15:58:19.015218,Paid
5,47,264.77,2024-08-12 03:24:43.329912,2024-11-04 03:24:43.329912,Deposit
6,79,322.93,2025-06-26 22:16:31.854517,2025-09-03 22:16:31.854517,Paid
7,31,468.48,2024-01-05 07:31:32.960639,2024-02-26 07:31:32.960639,Cancelled
8,203,782.92,2024-09-14 15:10:18.681785,2024-10-14 15:10:18.681785,Paid
9,58,669.92,2025-04-20 22:45:16.154597,2025-07-03 22:45:16.154597,Paid
10,97,668.38,2024-10-25 05:11:17.540950,2024-12-08 05:11:17.540950,Paid
11,244,599.88,2024-08-27 19:07:40.377483,2024-10-29 19:07:40.377483,Paid
12,75,595.71,2025-08-25 18:22:30.459384,2025-10-11 18:22:30.459384,Paid
13,6,593.63,2024-10-16 14:23:00.305190,2025-01-14 14:23:00.305190,Deposit
14,71,219.07,2024-08-07 04:27:22.244100,2024-10-14 04:27:22.244100,Paid
15,287,588.86,2024-12-01 00:30:41.790924,2024-12-31 00:30:41.790924,Paid
16,284,621.04,2025-07-04 01:59:36.284743,2025-09-12 01:59:36.284743,Paid
17,170,452.01,2024-01-08 19:07:32.219901,2024-02-28 19:07:32.219901,Paid
18,94,476.54,2024-07-10 17:42:13.927813,2024-09-03 17:42:13.927813,Paid
19,228,417.5,2024-11-15 21:28:43.144472,2025-02-13 21:28:43.144472,Deposit
20,227,353.21,2024-08-27 06:26:35.282554,2024-11-03 06:26:35.282554,Cancelled
21,247,216.26,2024-09-05 16:36:06.131820,2024-11-29 16:36:06.131820,Deposit
22,31,268.38,2024-08-14 01:53:17.801265,2024-11-12 01:53:17.801265,Paid
23,218,606.27,2024-11-11 09:11:39.646101,2025-01-15 09:11:39.646101,Paid
24,295,680.32,2025-02-10 16:17:19.597127,2025-03-14 16:17:19.597127,Paid
25,218,423.38,2024-09-01 17:05:49.711905,2024-11-29 17:05:49.711905,Paid
26,179,367.86,2024-06-09 09:58:47.839861,2024-08-12 09:58:47.839861,Paid
27,126,513.97,2025-01-01 22:55:30.331735,2025-02-10 22:55:30.331735,Paid
28,240,231.24,2024-12-26 19:37:41.877040,2025-02-23 19:37:41.877040,Paid
29,161,715.25,2024-06-30 13:21:37.967972,2024-08-04 13:21:37.967972,Deposit
30,153,370.81,2024-04-13 09:55:20.863055,2024-05-18 09:55:20.863055,Cancelled
31,263,652.17,2025-02-06 05:44:33.726196,2025-04-13 05:44:33.726196,Cancelled
32,15,602.73,2025-07-26 13:24:19.096465,2025-10-01 13:24:19.096465,Paid
33,135,507.55,2025-02-06 21:29:11.801702,2025-03-29 21:29:11.801702,Paid
34,46,499.77,2024-09-09 12:06:47.175349,2024-10-27 12:06:47.175349,Cancelled
35,27,539.78,2025-03-28 05:56:22.488771,2025-05-17 05:56:22.488771,Paid
36,186,593.69,2024-02-05 05:06:38.425720,2024-04-04 05:06:38.425720,Deposit
37,103,410.75,2024-08-30 05:00:45.821013,2024-10-27 05:00:45.821013,Paid
38,99,664.19,2024-08-03 20:45:49.463846,2024-09-09 20:45:49.463846,Paid
39,91,488.59,2024-11-23 20:31:17.655279,2024-12-23 20:31:17.655279,Cancelled
40,293,505.04,2025-08-08 11:20:45.633438,2025-11-06 11:20:45.633438,Deposit
41,287,365.33,2024-12-10 20:04:10.736679,2025-02-23 20:04:10.736679,Paid
42,291,535.74,2024-04-21 01:52:53.244672,2024-05-30 01:52:53.244672,Cancelled
43,284,336.2,2024-12-05 00:22:55.986724,2025-01-21 00:22:55.986724,Deposit
44,10,202.15,2024-04-24 02:31:43.302191,2024-07-09 02:31:43.302191,Cancelled
45,200,401.47,2024-08-08 23:19:24.876772,2024-10-11 23:19:24.876772,Paid
46,106,677.17,2024-06-21 16:01:05.607971,2024-09-14 16:01:05.607971,Cancelled
47,86,753.61,2024-01-21 13:46:04.821012,2024-02-22 13:46:04.821012,Paid
48,35,646.65,2024-09-06 22:37:43.605531,2024-11-06 22:37:43.605531,Cancelled
49,57,352.33,2024-11-05 21:54:29.626170,2024-12-11 21:54:29.626170,Cancelled
50,33,730.81,2024-01-12 10:31:20.890671,2024-02-15 10:31:20.890671,Deposit
51,120,575.87,2025-02-06 14:17:13.429003,2025-05-01 14:17:13.429003,Cancelled
52,218,289.46,2025-04-26 00:56:25.752589,2025-07-20 00:56:25.752589,Deposit
53,108,375.09,2025-05-17 13:32:51.705535,2025-06-30 13:32:51.705535,Deposit
54,281,659.3,2024-07-07 13:42:31.706242,2024-09-03 13:42:31.706242,Cancelled
55,283,303.47,2024-06-05 09:13:47.538239,2024-08-24 09:13:47.538239,Paid
56,16,369.58,2024-09-20 12:39:07.996276,2024-11-25 12:39:07.996276,Paid
57,216,766.6,2024-09-26 21:44:29.260586,2024-11-26 21:44:29.260586,Paid
58,167,723.58,2025-08-14 20:31:44.514709,2025-11-09 20:31:44.514709,Paid
59,86,453.97,2025-01-05 16:07:57.266261,2025-03-13 16:07:57.266261,Paid
60,77,796.21,2025-02-21 04:17:37.044199,2025-04-04 04:17:37.044199,Paid
61,220,465.54,2024-02-03 13:34:50.754782,2024-04-17 13:34:50.754782,Paid
62,183,587.06,2025-02-05 02:08:58.887531,2025-05-01 02:08:58.887531,Cancelled
63,33,287.34,2024-12-14 06:59:39.435076,2025-02-20 06:59:39.435076,Deposit
64,167,434.12,2024-10-08 09:54:52.869005,2024-12-17 09:54:52.869005,Paid
65,192,564.22,2024-08-07 17:18:23.426366,2024-09-29 17:18:23.426366,Paid
66,251,541.94,2024-10-04 22:34:16.438767,2024-11-11 22:34:16.438767,Deposit
67,237,562.16,2025-01-13 00:33:45.876685,2025-04-11 00:33:45.876685,Paid
68,221,278.26,2024-06-11 15:50:57.372788,2024-07-20 15:50:57.372788,Cancelled
69,50,456.89,2025-03-24 17:48:58.284673,2025-05-16 17:48:58.284673,Paid
70,184,768.95,2024-10-15 06:05:23.510052,2024-12-21 06:05:23.510052,Paid
71,95,485.74,2024-08-21 17:12:11.347152,2024-10-29 17:12:11.347152,Paid
72,130,215.09,2024-06-16 05:25:25.941760,2024-09-12 05:25:25.941760,Cancelled
73,155,502.98,2024-07-29 16:44:35.087522,2024-09-28 16:44:35.087522,Paid
74,58,623.52,2024-01-27 17:07:52.455126,2024-04-08 17:07:52.455126,Cancelled
75,221,428.69,2024-10-19 16:04:05.941274,2025-01-10 16:04:05.941274,Paid
76,191,412.83,2025-02-23 06:49:16.072446,2025-04-07 06:49:16.072446,Paid
77,70,239.29,2024-06-10 18:00:30.613652,2024-08-13 18:00:30.613652,Paid
78,278,506.15,2024-06-19 02:17:55.513133,2024-07-24 02:17:55.513133,Paid
79,184,765.04,2024-04-25 17:17:30.847297,2024-06-09 17:17:30.847297,Paid
80,227,490.48,2024-08-19 06:44:47.843032,2024-10-01 06:44:47.843032,Paid
81,271,423.14,2024-01-24 16:08:57.501364,2024-04-17 16:08:57.501364,Paid
82,65,461.5,2024-10-15 09:08:10.273632,2024-11-22 09:08:10.273632,Paid
83,50,654.41,2025-06-02 22:14:26.536720,2025-07-18 22:14:26.536720,Deposit
84,208,611.1,2025-01-13 18:18:29.161011,2025-03-12 18:18:29.161011,Paid
85,245,314.09,2024-10-17 06:00:54.165811,2024-11-18 06:00:54.165811,Paid
86,162,210.81,2025-04-03 00:10:21.039205,2025-06-26 00:10:21.039205,Cancelled
87,286,310.37,2024-12-08 05:33:45.276196,2025-03-05 05:33:45.276196,Cancelled
88,239,607.12,2025-01-13 19:19:39.030533,2025-03-23 19:19:39.030533,Paid
89,194,659.48,2024-05-28 00:19:13.545560,2024-07-26 00:19:13.545560,Paid
90,293,336.11,2024-04-07 02:38:59.703279,2024-06-22 02:38:59.703279,Paid
91,179,617.25,2025-01-22 21:30:17.654199,2025-03-18 21:30:17.654199,Paid
92,16,525.06,2024-05-27 12:45:50.955405,2024-08-08 12:45:50.955405,Cancelled
93,81,399.4,2025-04-28 08:28:32.379723,2025-06-03 08:28:32.379723,Paid
94,210,706.1,2024-02-22 03:43:07.517569,2024-05-04 03:43:07.517569,Deposit
95,133,289.58,2024-08-31 13:14:39.087881,2024-10-18 13:14:39.087881,Paid
96,258,279.95,2025-04-20 00:49:32.067852,2025-06-03 00:49:32.067852,Deposit
97,265,552.63,2025-03-17 12:15:15.294011,2025-04-30 12:15:15.294011,Deposit
98,281,613.97,2024-10-08 07:47:01.429790,2024-11-08 07:47:01.429790,Paid
99,14,300.73,2024-01-09 04:50:08.648101,2024-04-06 04:50:08.648101,Paid
100,40,734.24,2024-06-29 17:18:10.804665,2024-08-02 17:18:10.804665,Cancelled
101,268,419.91,2025-01-23 16:33:20.768412,2025-03-07 16:33:20.768412,Paid
102,126,222.27,2024-09-09 01:08:19.384954,2024-11-27 01:08:19.384954,Cancelled
103,110,579.61,2024-05-17 06:43:57.412033,2024-08-03 06:43:57.412033,Deposit
104,125,676.64,2024-05-01 23:08:42.852039,2024-07-08 23:08:42.852039,Paid
105,268,483.9,2024-07-06 16:44:01.936735,2024-08-12 16:44:01.936735,Deposit
106,192,772.26,2024-12-29 20:59:50.749578,2025-02-11 20:59:50.749578,Cancelled
107,259,531.42,2025-01-23 05:02:27.078961,2025-04-11 05:02:27.078961,Cancelled
108,268,431.87,2025-08-09 14:08:39.958165,2025-09-19 14:08:39.958165,Paid
109,283,518.38,2024-09-18 21:39:28.037601,2024-10-22 21:39:28.037601,Paid
110,236,269.07,2024-07-21 23:28:43.526761,2024-09-25 23:28:43.526761,Paid
111,207,363.75,2025-08-22 20:35:53.391357,2025-09-22 20:35:53.391357,Deposit
112,62,351.35,2025-08-19 04:32:45.684364,2025-09-23 04:32:45.684364,Paid
113,209,313.64,2024-08-31 13:40:56.890691,2024-11-24 13:40:56.890691,Paid
114,144,579.52,2025-04-02 21:25:56.506134,2025-05-09 21:25:56.506134,Paid
115,98,410.25,2024-07-24 09:57:07.405839,2024-09-07 09:57:07.405839,Paid
116,279,257.51,2025-05-24 23:47:07.881347,2025-07-04 23:47:07.881347,Paid
117,137,343.14,2025-04-17 06:41:18.008387,2025-06-27 06:41:18.008387,Paid
118,300,302.15,2024-04-24 00:04:14.504668,2024-06-23 00:04:14.504668,Paid
119,272,277.44,2025-08-08 00:39:16.488501,2025-09-11 00:39:16.488501,Cancelled
120,233,406.24,2025-06-08 03:25:27.879896,2025-07-12 03:25:27.879896,Paid
121,75,561.37,2025-07-31 10:18:19.714558,2025-09-27 10:18:19.714558,Paid
122,244,266.62,2025-05-30 14:36:34.961130,2025-07-27 14:36:34.961130,Cancelled
123,128,606.3,2024-01-17 17:12:31.284581,2024-02-18 17:12:31.284581,Deposit
124,32,254.65,2025-08-22 13:58:31.977471,2025-10-14 13:58:31.977471,Paid
125,182,214.47,2025-02-04 18:31:03.777056,2025-04-16 18:31:03.777056,Paid
126,21,316.24,2024-10-22 12:24:38.006757,2025-01-06 12:24:38.006757,Paid
127,69,572.08,2025-04-05 18:11:33.267714,2025-05-24 18:11:33.267714,Paid
128,86,566.94,2024-09-07 12:57:15.963980,2024-11-17 12:57:15.963980,Deposit
129,295,637.34,2024-07-15 06:20:04.998059,2024-08-19 06:20:04.998059,Paid
130,255,451.76,2024-09-06 16:27:51.296011,2024-10-27 16:27:51.296011,Paid
131,236,383.58,2025-03-15 14:10:51.006830,2025-05-16 14:10:51.006830,Deposit
132,183,592.1,2024-05-26 12:09:49.781862,2024-08-02 12:09:49.781862,Deposit
133,276,284.71,2025-02-13 06:58:20.038975,2025-04-30 06:58:20.038975,Paid
134,219,776.51,2024-06-12 16:49:45.460920,2024-08-20 16:49:45.460920,Cancelled
135,114,215.52,2024-04-02 23:42:43.231072,2024-06-28 23:42:43.231072,Paid
136,134,347.12,2025-04-28 21:21:51.953897,2025-07-16 21:21:51.953897,Deposit
137,236,788.86,2024-01-28 13:36:23.494154,2024-03-06 13:36:23.494154,Paid
138,79,784.44,2025-01-31 16:19:52.773737,2025-04-16 16:19:52.773737,Paid
139,236,736.39,2025-06-06 09:08:19.087145,2025-07-15 09:08:19.087145,Paid
140,49,665.84,2024-09-11 19:05:39.083956,2024-12-09 19:05:39.083956,Paid
141,118,708.37,2024-11-19 14:54:10.408317,2025-01-11 14:54:10.408317,Cancelled
142,31,262.27,2024-07-14 02:00:12.866419,2024-10-02 02:00:12.866419,Paid
143,161,774.68,2024-04-16 12:02:22.127681,2024-07-03 12:02:22.127681,Paid
144,217,435.06,2024-03-31 08:52:27.451112,2024-06-22 08:52:27.451112,Paid
145,130,421.35,2025-07-11 15:55:42.311468,2025-08-25 15:55:42.311468,Deposit
146,110,442.73,2024-10-08 16:12:49.614982,2024-11-11 16:12:49.614982,Cancelled
147,96,241.44,2024-04-22 02:28:32.494742,2024-06-27 02:28:32.494742,Cancelled
148,83,792.88,2025-05-15 18:40:54.293947,2025-06-29 18:40:54.293947,Paid
149,79,301.08,2024-11-14 03:52:02.088317,2024-12-18 03:52:02.088317,Paid
150,148,560.55,2024-03-18 12:59:01.395232,2024-06-11 12:59:01.395232,Paid
151,96,586.13,2025-05-30 22:44:36.682189,2025-07-21 22:44:36.682189,Paid
152,126,387.16,2024-08-02 12:35:48.615474,2024-10-18 12:35:48.615474,Deposit
153,30,253.92,2024-10-13 16:52:45.306218,2025-01-04 16:52:45.306218,Paid
154,13,765.77,2025-07-24 22:13:03.678614,2025-08-25 22:13:03.678614,Paid
155,214,442.96,2024-01-03 03:13:06.723662,2024-03-05 03:13:06.723662,Cancelled
156,290,546.14,2025-08-11 04:22:27.665975,2025-09-28 04:22:27.665975,Paid
157,270,695.25,2024-03-13 12:21:01.963646,2024-05-09 12:21:01.963646,Cancelled
158,61,443.01,2024-11-04 20:41:13.791552,2025-01-17 20:41:13.791552,Deposit
159,84,643.54,2024-01-06 19:14:22.494389,2024-02-10 19:14:22.494389,Paid
160,225,499.14,2024-04-25 20:08:45.075752,2024-05-30 20:08:45.075752,Deposit
161,13,687.38,2024-12-07 00:16:05.670280,2025-02-19 00:16:05.670280,Cancelled
162,200,514.42,2024-09-19 11:20:39.628386,2024-11-15 11:20:39.628386,Paid
163,169,564.04,2024-08-07 15:52:56.372633,2024-10-01 15:52:56.372633,Cancelled
164,90,250.56,2024-12-24 05:01:23.542327,2025-03-18 05:01:23.542327,Cancelled
165,133,441.66,2024-09-11 04:53:57.913690,2024-10-26 04:53:57.913690,Deposit
166,20,776.3,2025-04-27 22:53:55.786921,2025-07-26 22:53:55.786921,Cancelled
167,114,676.54,2024-04-03 00:40:22.708820,2024-06-05 00:40:22.708820,Cancelled
168,90,507.53,2024-05-22 08:53:31.423742,2024-08-07 08:53:31.423742,Paid
169,153,244.64,2024-08-23 20:41:29.541580,2024-11-06 20:41:29.541580,Cancelled
170,64,778.26,2025-06-28 05:34:12.282581,2025-08-09 05:34:12.282581,Cancelled
171,90,744.27,2025-06-01 12:12:19.618815,2025-07-06 12:12:19.618815,Cancelled
172,62,653.67,2024-03-16 00:22:38.325805,2024-05-03 00:22:38.325805,Deposit
173,125,733.07,2025-02-17 11:39:29.246805,2025-04-20 11:39:29.246805,Paid
174,91,590.49,2024-03-07 18:13:38.382007,2024-04-07 18:13:38.382007,Cancelled
175,245,273.69,2024-01-03 16:27:06.762062,2024-03-12 16:27:06.762062,Deposit
176,141,767.22,2024-01-18 08:09:45.959435,2024-03-14 08:09:45.959435,Deposit
177,71,572.71,2025-06-03 15:50:54.375501,2025-08-01 15:50:54.375501,Paid
178,34,329.44,2024-05-20 14:13:32.569218,2024-06-30 14:13:32.569218,Deposit
179,252,565.14,2024-05-12 08:06:31.538994,2024-06-20 08:06:31.538994,Paid
180,25,584.02,2024-06-07 14:40:58.997807,2024-09-02 14:40:58.997807,Paid
181,103,439.68,2025-07-26 01:44:47.906606,2025-10-04 01:44:47.906606,Paid
182,224,338.91,2025-01-30 19:58:12.046434,2025-03-10 19:58:12.046434,Paid
183,154,575.47,2024-12-16 02:16:31.323996,2025-01-17 02:16:31.323996,Paid
184,280,743.9,2024-06-09 21:18:49.253561,2024-08-27 21:18:49.253561,Cancelled
185,58,201.52,2025-04-05 05:12:32.296194,2025-06-08 05:12:32.296194,Deposit
186,107,251.89,2024-02-05 10:50:37.013521,2024-03-25 10:50:37.013521,Paid
187,269,505.94,2025-08-07 19:54:32.751254,2025-09-19 19:54:32.751254,Paid
188,286,600.93,2024-10-31 20:13:58.836222,2024-12-25 20:13:58.836222,Paid
189,176,371.34,2025-07-12 01:05:58.379890,2025-08-28 01:05:58.379890,Cancelled
190,293,291.97,2024-09-16 15:29:09.400002,2024-12-10 15:29:09.400002,Paid
191,121,471.66,2025-07-25 23:56:35.240434,2025-10-22 23:56:35.240434,Cancelled
192,255,355.93,2024-11-17 00:12:17.295559,2025-01-17 00:12:17.295559,Paid
193,37,487.01,2025-04-14 06:49:34.204675,2025-05-27 06:49:34.204675,Paid
194,284,436.1,2024-04-28 23:33:36.708708,2024-06-15 23:33:36.708708,Cancelled
195,177,231.72,2025-03-18 09:06:48.673233,2025-06-04 09:06:48.673233,Cancelled
196,45,209.01,2024-05-21 07:16:38.390901,2024-07-02 07:16:38.390901,Paid
197,86,240.57,2025-01-15 17:44:57.624700,2025-03-03 17:44:57.624700,Paid
198,85,717.11,2024-03-05 22:24:34.302731,2024-05-24 22:24:34.302731,Paid
199,150,596.35,2025-06-24 08:38:03.447628,2025-08-18 08:38:03.447628,Paid
200,26,346.99,2024-03-21 12:46:42.012594,2024-05-23 12:46:42.012594,Paid
201,258,289.77,2024-09-04 23:34:59.425911,2024-10-24 23:34:59.425911,Paid
202,198,476.4,2025-03-31 11:14:22.566515,2025-06-01 11:14:22.566515,Paid
203,71,248.04,2024-08-10 22:53:50.525752,2024-10-02 22:53:50.525752,Paid
204,35,770.48,2025-04-16 13:28:02.144800,2025-05-17 13:28:02.144800,Cancelled
205,55,270.87,2025-03-27 14:34:07.116899,2025-06-01 14:34:07.116899,Deposit
206,213,240.27,2024-02-17 16:03:03.698976,2024-05-06 16:03:03.698976,Paid
207,138,668.22,2025-06-02 05:27:36.722126,2025-07-14 05:27:36.722126,Deposit
208,199,745.19,2025-03-25 00:58:10.222722,2025-05-26 00:58:10.222722,Paid
209,83,738.22,2024-08-27 02:55:29.235723,2024-10-29 02:55:29.235723,Paid
210,85,203.86,2025-04-11 04:12:57.052321,2025-05-22 04:12:57.052321,Deposit
211,138,790.19,2025-06-08 13:46:25.328369,2025-08-16 13:46:25.328369,Paid
212,181,676.79,2024-04-10 05:09:03.705163,2024-06-28 05:09:03.705163,Paid
213,37,465.91,2024-09-27 09:27:59.855632,2024-12-25 09:27:59.855632,Paid
214,213,681.07,2025-08-14 07:45:48.591498,2025-11-04 07:45:48.591498,Deposit
215,171,639.77,2025-03-15 00:21:12.226149,2025-06-12 00:21:12.226149,Paid
216,226,764.55,2025-05-09 20:48:10.904491,2025-06-25 20:48:10.904491,Deposit
217,229,674.27,2024-03-31 20:42:28.162911,2024-05-15 20:42:28.162911,Paid
218,190,305.2,2025-05-06 23:58:23.062299,2025-07-01 23:58:23.062299,Paid
219,48,487.61,2025-01-14 04:11:10.355079,2025-04-13 04:11:10.355079,Paid
220,61,249.13,2024-12-04 11:16:51.322363,2025-02-20 11:16:51.322363,Cancelled
221,206,731.82,2025-02-25 08:27:27.011168,2025-05-07 08:27:27.011168,Cancelled
222,192,658.56,2025-07-31 21:38:40.910387,2025-09-25 21:38:40.910387,Paid
223,39,374.25,2025-07-06 04:15:41.560851,2025-09-30 04:15:41.560851,Cancelled
224,94,403.86,2025-05-17 11:54:05.106157,2025-07-04 11:54:05.106157,Cancelled
225,50,651.61,2024-05-25 20:59:59.956821,2024-07-23 20:59:59.956821,Deposit
226,201,517.7,2024-02-19 07:56:00.520319,2024-05-04 07:56:00.520319,Paid
227,26,386.54,2025-04-17 17:23:37.702813,2025-05-28 17:23:37.702813,Paid
228,136,486.42,2024-07-18 01:06:30.177262,2024-09-11 01:06:30.177262,Cancelled
229,123,450.34,2025-01-22 12:10:46.969536,2025-03-09 12:10:46.969536,Paid
230,157,762.86,2025-08-07 14:29:17.532023,2025-10-22 14:29:17.532023,Paid
231,226,706.27,2025-07-10 00:36:40.758655,2025-09-07 00:36:40.758655,Cancelled
232,120,558.68,2024-07-07 23:04:12.484237,2024-09-19 23:04:12.484237,Deposit
233,97,293.26,2024-02-23 00:54:43.323763,2024-04-01 00:54:43.323763,Paid
234,82,367.77,2024-06-08 10:26:39.321254,2024-09-04 10:26:39.321254,Deposit
235,106,541.88,2024-08-11 14:21:19.169178,2024-11-04 14:21:19.169178,Paid
236,136,788.88,2025-03-26 00:54:48.092464,2025-05-02 00:54:48.092464,Paid
237,61,717.91,2025-01-04 15:38:50.062021,2025-02-23 15:38:50.062021,Paid
238,143,453.06,2025-06-17 05:15:42.266279,2025-09-12 05:15:42.266279,Paid
239,42,294.23,2025-05-05 03:35:20.536629,2025-07-10 03:35:20.536629,Deposit
240,158,618.49,2025-06-07 19:02:47.012487,2025-07-23 19:02:47.012487,Cancelled
241,111,472.87,2025-03-31 02:00:01.285283,2025-06-13 02:00:01.285283,Paid
242,65,498.34,2024-01-09 23:07:02.372648,2024-02-10 23:07:02.372648,Deposit
243,63,528.83,2024-10-17 20:56:10.054387,2024-12-09 20:56:10.054387,Paid
244,254,371.34,2024-12-06 17:23:25.171319,2025-01-13 17:23:25.171319,Paid
245,142,437.07,2024-01-05 15:30:13.159760,2024-03-28 15:30:13.159760,Deposit
246,166,368.31,2025-01-27 12:08:49.901183,2025-04-01 12:08:49.901183,Paid
247,209,635.87,2024-04-06 08:27:08.496422,2024-05-08 08:27:08.496422,Paid
248,122,706.7,2025-07-17 05:22:57.210179,2025-08-20 05:22:57.210179,Deposit
249,78,347.99,2024-01-07 21:31:02.944303,2024-02-21 21:31:02.944303,Deposit
250,45,425.92,2024-06-11 22:06:41.430741,2024-07-19 22:06:41.430741,Paid
251,28,394.88,2025-01-09 13:47:18.984505,2025-03-18 13:47:18.984505,Deposit
252,146,357.19,2024-08-13 02:44:33.923184,2024-10-08 02:44:33.923184,Cancelled
253,223,500.46,2024-02-07 21:14:29.350089,2024-04-17 21:14:29.350089,Cancelled
254,189,542.94,2024-08-26 21:19:19.961771,2024-11-14 21:19:19.961771,Paid
255,131,550.78,2025-03-08 09:21:01.198422,2025-05-25 09:21:01.198422,Cancelled
256,161,276.77,2025-03-05 13:25:27.413641,2025-05-25 13:25:27.413641,Paid
257,162,751.69,2025-02-07 10:00:38.121396,2025-04-02 10:00:38.121396,Cancelled
258,96,650.8,2024-01-16 02:31:10.667673,2024-02-20 02:31:10.667673,Deposit
259,79,508.7,2024-07-29 15:42:15.053178,2024-10-22 15:42:15.053178,Deposit
260,211,257.98,2024-11-19 02:20:37.803534,2025-01-18 02:20:37.803534,Paid
261,203,720.94,2024-05-24 01:09:32.778219,2024-08-09 01:09:32.778219,Deposit
262,181,243.3,2024-11-01 08:39:56.685446,2025-01-28 08:39:56.685446,Paid
263,178,689.99,2024-01-13 10:02:37.735066,2024-03-02 10:02:37.735066,Paid
264,37,364.37,2024-07-04 12:26:15.667850,2024-09-20 12:26:15.667850,Paid
265,176,663.97,2024-09-07 14:38:11.712316,2024-11-23 14:38:11.712316,Paid
266,16,595.17,2025-05-04 20:13:08.142957,2025-06-21 20:13:08.142957,Deposit
267,178,650.62,2025-01-26 23:02:39.970176,2025-04-01 23:02:39.970176,Deposit
268,276,775.42,2025-05-03 07:06:46.444182,2025-07-01 07:06:46.444182,Paid
269,91,464.77,2024-08-17 03:30:56.287893,2024-10-27 03:30:56.287893,Cancelled
270,32,630.34,2025-03-29 03:41:50.720199,2025-06-15 03:41:50.720199,Paid
271,202,450.4,2024-05-26 00:19:18.496547,2024-06-25 00:19:18.496547,Cancelled
272,145,608.35,2025-03-11 13:39:35.537529,2025-05-22 13:39:35.537529,Cancelled
273,69,668.37,2025-06-26 02:12:44.154565,2025-08-30 02:12:44.154565,Paid
274,186,701.24,2025-02-24 08:16:06.897329,2025-03-27 08:16:06.897329,Cancelled
275,66,388.28,2024-12-19 20:22:54.499518,2025-03-17 20:22:54.499518,Paid
276,84,583.71,2025-03-09 23:13:13.464923,2025-04-25 23:13:13.464923,Paid
277,88,372.62,2025-08-30 07:33:05.771053,2025-10-18 07:33:05.771053,Paid
278,249,267.56,2024-01-30 14:22:33.963875,2024-03-24 14:22:33.963875,Deposit
279,65,721.81,2025-02-24 05:57:57.592179,2025-04-26 05:57:57.592179,Cancelled
280,134,473.16,2025-04-23 05:09:08.127633,2025-07-19 05:09:08.127633,Deposit
281,63,428.49,2024-08-12 01:24:30.604850,2024-10-11 01:24:30.604850,Paid
282,220,215.61,2024-03-02 23:23:24.722513,2024-05-07 23:23:24.722513,Cancelled
283,112,433.4,2024-09-09 08:15:06.816266,2024-10-18 08:15:06.816266,Paid
284,294,729.87,2025-04-11 10:33:00.101069,2025-06-23 10:33:00.101069,Deposit
285,71,241.04,2025-04-16 07:36:39.768036,2025-06-17 07:36:39.768036,Paid
286,126,224.61,2025-08-13 05:09:59.442325,2025-10-31 05:09:59.442325,Paid
287,121,217.84,2024-10-23 02:36:53.852769,2025-01-11 02:36:53.852769,Paid
288,135,777.72,2024-03-18 05:00:51.827416,2024-05-30 05:00:51.827416,Paid
289,122,445.97,2024-01-20 12:23:47.736391,2024-04-04 12:23:47.736391,Deposit
290,296,236.98,2025-05-03 03:47:49.937214,2025-07-19 03:47:49.937214,Cancelled
291,57,701.6,2025-07-24 13:31:01.602592,2025-09-20 13:31:01.602592,Cancelled
292,38,767.08,2024-02-11 04:11:59.152075,2024-04-09 04:11:59.152075,Paid
293,164,718.8,2024-01-10 16:10:40.480530,2024-02-14 16:10:40.480530,Paid
294,23,694.12,2025-03-30 15:06:34.870305,2025-05-23 15:06:34.870305,Paid
295,130,719.68,2024-05-23 01:47:21.389485,2024-08-04 01:47:21.389485,Paid
296,278,348.75,2025-01-11 12:29:58.295730,2025-02-20 12:29:58.295730,Paid
297,67,466.44,2024-10-19 23:41:18.309077,2025-01-17 23:41:18.309077,Paid
298,69,313.27,2025-02-14 22:04:28.406523,2025-04-04 22:04:28.406523,Deposit
299,123,795.93,2025-05-20 21:20:36.147172,2025-07-17 21:20:36.147172,Cancelled
300,234,698.46,2025-03-31 19:11:28.586453,2025-05-19 19:11:28.586453,Paid
301,85,481.0,2024-05-21 17:59:02.420726,2024-07-10 17:59:02.420726,Deposit
302,163,636.93,2024-12-03 20:03:01.210938,2025-01-26 20:03:01.210938,Paid
303,281,478.13,2025-07-09 02:14:36.225348,2025-08-19 02:14:36.225348,Deposit
304,236,626.6,2024-12-24 03:35:06.800659,2025-03-15 03:35:06.800659,Deposit
305,29,319.73,2024-07-24 06:59:57.945763,2024-08-31 06:59:57.945763,Paid
306,276,566.42,2024-04-28 12:25:13.321980,2024-06-01 12:25:13.321980,Paid
307,156,214.06,2025-04-30 01:59:27.325424,2025-07-03 01:59:27.325424,Paid
308,123,370.12,2024-12-14 16:42:14.339479,2025-01-19 16:42:14.339479,Deposit
309,212,624.33,2024-01-12 22:56:28.953987,2024-03-23 22:56:28.953987,Paid
310,225,441.69,2025-02-14 06:10:30.422608,2025-03-30 06:10:30.422608,Paid
311,22,330.71,2024-11-09 21:35:34.529088,2025-01-03 21:35:34.529088,Paid
312,114,609.39,2024-11-09 17:30:36.047517,2025-01-08 17:30:36.047517,Paid
313,42,246.52,2024-10-17 23:56:59.502674,2024-12-08 23:56:59.502674,Paid
314,220,685.91,2024-11-11 04:35:14.673078,2024-12-17 04:35:14.673078,Cancelled
315,96,206.16,2024-06-27 18:55:52.904342,2024-09-16 18:55:52.904342,Deposit
316,273,596.79,2024-01-21 00:48:04.904062,2024-04-19 00:48:04.904062,Paid
317,76,438.43,2025-05-19 17:12:34.212497,2025-07-02 17:12:34.212497,Paid
318,267,708.71,2024-03-25 23:15:02.104734,2024-06-10 23:15:02.104734,Paid
319,122,799.13,2024-11-30 04:06:41.028220,2025-01-12 04:06:41.028220,Paid
320,289,372.59,2024-01-27 00:29:45.977038,2024-03-17 00:29:45.977038,Paid
321,298,658.77,2024-01-04 05:38:54.743967,2024-02-23 05:38:54.743967,Paid
322,53,698.05,2024-04-01 08:05:02.058286,2024-06-09 08:05:02.058286,Deposit
323,19,403.64,2024-09-15 23:27:58.705439,2024-11-27 23:27:58.705439,Paid
324,145,425.38,2024-05-27 10:47:19.723309,2024-07-28 10:47:19.723309,Paid
325,266,565.75,2024-04-26 16:10:13.897584,2024-07-05 16:10:13.897584,Paid
326,67,258.56,2024-09-07 11:59:32.001021,2024-11-07 11:59:32.001021,Deposit
327,23,348.03,2025-03-16 08:56:53.450387,2025-06-14 08:56:53.450387,Cancelled
328,271,205.66,2024-09-14 20:10:15.174043,2024-11-24 20:10:15.174043,Deposit
329,255,558.52,2025-02-12 01:05:36.762693,2025-03-24 01:05:36.762693,Paid
330,145,717.0,2025-01-26 22:13:02.693455,2025-03-11 22:13:02.693455,Deposit
331,21,724.94,2024-04-23 23:51:44.300475,2024-06-27 23:51:44.300475,Paid
332,204,664.28,2024-08-21 19:57:33.747803,2024-10-24 19:57:33.747803,Paid
333,163,527.51,2024-05-16 08:36:25.349800,2024-07-04 08:36:25.349800,Paid
334,294,733.45,2025-02-05 06:50:33.923005,2025-04-25 06:50:33.923005,Paid
335,5,452.68,2025-08-10 15:34:14.026596,2025-10-19 15:34:14.026596,Deposit
336,77,335.22,2024-02-21 00:54:41.085396,2024-04-27 00:54:41.085396,Paid
337,96,420.92,2025-07-25 11:12:00.577831,2025-09-11 11:12:00.577831,Cancelled
338,37,765.33,2025-02-19 09:19:09.454643,2025-03-29 09:19:09.454643,Paid
339,49,482.03,2024-10-05 03:36:13.641354,2024-11-19 03:36:13.641354,Deposit
340,188,283.01,2024-12-22 05:50:41.393207,2025-01-30 05:50:41.393207,Paid
341,100,672.44,2024-10-31 08:14:40.843256,2025-01-19 08:14:40.843256,Cancelled
342,68,262.09,2025-04-10 14:32:46.772346,2025-06-08 14:32:46.772346,Deposit
343,216,473.82,2024-08-28 13:33:02.853699,2024-11-12 13:33:02.853699,Paid
344,82,388.98,2025-08-05 08:59:38.609854,2025-09-29 08:59:38.609854,Paid
345,163,253.72,2025-02-17 00:25:09.525395,2025-04-09 00:25:09.525395,Deposit
346,185,735.85,2024-10-20 03:48:55.886081,2024-11-21 03:48:55.886081,Paid
347,86,240.13,2024-10-22 02:51:17.327761,2024-12-19 02:51:17.327761,Cancelled
348,213,768.27,2025-04-15 14:43:20.453266,2025-07-10 14:43:20.453266,Paid
349,226,618.17,2025-06-23 17:03:51.197511,2025-08-08 17:03:51.197511,Paid
350,111,557.78,2025-02-26 01:02:06.570493,2025-04-16 01:02:06.570493,Paid
351,274,474.31,2024-08-25 08:20:56.850129,2024-09-28 08:20:56.850129,Paid
352,89,221.87,2025-01-20 14:21:39.954822,2025-04-12 14:21:39.954822,Paid
353,210,200.57,2025-05-15 22:04:00.070325,2025-07-30 22:04:00.070325,Paid
354,183,328.72,2025-05-24 04:19:54.582945,2025-08-03 04:19:54.582945,Cancelled
355,268,308.51,2025-03-21 19:38:20.668240,2025-05-18 19:38:20.668240,Paid
356,34,798.76,2024-04-28 17:41:21.742475,2024-07-22 17:41:21.742475,Paid
357,110,348.23,2025-03-24 23:35:04.567279,2025-05-15 23:35:04.567279,Deposit
358,173,658.91,2024-01-12 23:09:28.652702,2024-03-17 23:09:28.652702,Cancelled
359,18,476.43,2025-01-03 18:51:05.681253,2025-03-28 18:51:05.681253,Deposit
360,31,728.11,2024-05-23 05:17:56.568631,2024-08-02 05:17:56.568631,Paid
361,107,528.58,2024-12-28 17:05:52.103320,2025-01-31 17:05:52.103320,Paid
362,251,218.98,2024-05-10 06:45:31.929850,2024-07-05 06:45:31.929850,Cancelled
363,158,655.05,2024-11-20 14:42:57.317642,2024-12-21 14:42:57.317642,Cancelled
364,59,372.14,2025-02-17 00:58:05.590068,2025-04-20 00:58:05.590068,Paid
365,193,309.99,2024-12-11 14:29:12.834005,2025-01-15 14:29:12.834005,Paid
366,49,437.73,2024-08-12 21:44:38.750038,2024-11-08 21:44:38.750038,Deposit
367,25,321.77,2025-05-25 11:36:31.133203,2025-07-13 11:36:31.133203,Cancelled
368,138,348.03,2024-05-05 11:37:11.713464,2024-06-11 11:37:11.713464,Deposit
369,153,408.38,2025-04-07 19:32:09.189552,2025-05-14 19:32:09.189552,Cancelled
370,97,321.31,2024-03-28 20:05:44.092140,2024-05-30 20:05:44.092140,Cancelled
371,26,429.31,2024-05-31 20:54:29.245943,2024-08-18 20:54:29.245943,Paid
372,252,751.95,2024-12-25 09:15:23.846624,2025-03-05 09:15:23.846624,Paid
373,209,799.04,2024-03-05 02:42:47.402437,2024-04-14 02:42:47.402437,Paid
374,35,672.02,2024-03-22 09:57:48.248107,2024-05-05 09:57:48.248107,Paid
375,93,248.86,2024-08-19 14:07:57.326342,2024-10-11 14:07:57.326342,Paid
376,192,737.79,2024-11-08 00:02:19.288850,2024-12-22 00:02:19.288850,Paid
377,295,668.61,2024-12-21 13:41:54.626123,2025-02-25 13:41:54.626123,Paid
378,141,495.99,2025-08-23 15:15:04.903519,2025-09-24 15:15:04.903519,Deposit
379,53,429.76,2024-06-14 21:46:25.380749,2024-08-03 21:46:25.380749,Paid
380,169,684.93,2024-03-13 10:09:07.600811,2024-05-29 10:09:07.600811,Paid
381,114,744.14,2024-05-07 21:20:48.213525,2024-07-22 21:20:48.213525,Paid
382,232,628.54,2025-03-22 08:02:12.986205,2025-05-13 08:02:12.986205,Deposit
383,11,490.93,2024-03-26 13:12:53.379046,2024-05-01 13:12:53.379046,Cancelled
384,258,614.84,2024-12-28 22:36:42.920457,2025-03-13 22:36:42.920457,Deposit
385,32,201.48,2025-01-03 12:28:00.654912,2025-03-18 12:28:00.654912,Cancelled
386,231,770.71,2025-01-15 21:55:44.651601,2025-03-18 21:55:44.651601,Cancelled
387,38,752.28,2024-08-07 21:59:21.053229,2024-09-09 21:59:21.053229,Paid
388,30,494.14,2024-12-09 16:39:20.000963,2025-03-08 16:39:20.000963,Paid
389,48,757.05,2025-05-19 05:09:55.277474,2025-06-22 05:09:55.277474,Paid
390,269,420.24,2025-04-14 12:41:27.602054,2025-06-11 12:41:27.602054,Cancelled
391,223,518.05,2024-09-09 20:30:56.486244,2024-11-06 20:30:56.486244,Paid
392,94,569.89,2025-05-09 23:19:10.710187,2025-07-30 23:19:10.710187,Paid
393,158,734.05,2024-10-19 13:33:12.378697,2024-12-10 13:33:12.378697,Deposit
394,28,498.95,2024-04-17 22:51:33.159861,2024-05-18 22:51:33.159861,Paid
395,13,715.36,2025-08-10 12:55:17.294061,2025-10-30 12:55:17.294061,Cancelled
396,34,242.14,2024-10-24 22:54:15.187672,2024-12-05 22:54:15.187672,Paid
397,167,562.46,2024-12-28 01:44:51.219613,2025-02-12 01:44:51.219613,Deposit
398,298,642.55,2024-06-17 22:15:27.135460,2024-07-22 22:15:27.135460,Paid
399,190,609.78,2025-01-16 14:11:30.349643,2025-03-14 14:11:30.349643,Paid
400,227,322.5,2024-03-22 15:47:44.510566,2024-06-18 15:47:44.510566,Paid
401,299,503.69,2025-02-28 01:21:17.907458,2025-05-08 01:21:17.907458,Paid
402,159,333.89,2024-05-02 14:47:32.796897,2024-06-06 14:47:32.796897,Cancelled
403,135,214.19,2024-05-24 10:19:24.580476,2024-07-08 10:19:24.580476,Paid
404,235,457.96,2025-05-28 16:58:45.356487,2025-08-16 16:58:45.356487,Paid
405,161,310.32,2024-07-19 15:36:15.423632,2024-08-19 15:36:15.423632,Deposit
406,288,595.25,2024-10-03 03:08:12.670656,2024-12-23 03:08:12.670656,Paid
407,105,604.8,2025-08-17 07:09:27.241173,2025-09-22 07:09:27.241173,Deposit
408,2,509.01,2025-04-22 18:23:41.889888,2025-07-09 18:23:41.889888,Paid
409,65,293.22,2025-08-24 14:02:52.191426,2025-10-04 14:02:52.191426,Paid
410,260,432.11,2025-03-02 13:48:00.278478,2025-04-02 13:48:00.278478,Paid
411,79,792.98,2024-10-29 10:37:10.906323,2025-01-01 10:37:10.906323,Cancelled
412,185,623.92,2025-04-08 07:17:02.309548,2025-06-15 07:17:02.309548,Cancelled
413,266,517.84,2024-03-28 22:33:17.097874,2024-05-09 22:33:17.097874,Deposit
414,96,262.29,2024-11-12 01:12:13.098486,2024-12-15 01:12:13.098486,Deposit
415,145,633.7,2025-05-05 02:01:20.638264,2025-07-29 02:01:20.638264,Paid
416,168,350.72,2025-03-19 13:57:05.941457,2025-05-09 13:57:05.941457,Cancelled
417,157,414.36,2024-05-12 05:31:26.173167,2024-07-12 05:31:26.173167,Cancelled
418,45,799.14,2025-01-14 10:10:04.117517,2025-04-04 10:10:04.117517,Paid
419,91,529.47,2024-10-05 15:06:32.753923,2024-11-12 15:06:32.753923,Paid
420,70,754.06,2024-08-02 08:25:09.731621,2024-09-03 08:25:09.731621,Deposit
421,48,547.54,2024-05-16 15:20:23.399752,2024-07-21 15:20:23.399752,Paid
422,109,253.99,2024-11-09 05:06:34.695693,2024-12-19 05:06:34.695693,Paid
423,277,316.83,2024-02-26 16:13:15.284154,2024-04-09 16:13:15.284154,Paid
424,27,287.11,2025-08-29 20:58:36.492776,2025-10-01 20:58:36.492776,Cancelled
425,122,562.12,2025-04-04 02:48:20.154052,2025-06-29 02:48:20.154052,Paid
426,145,253.92,2024-02-17 01:24:27.054708,2024-04-28 01:24:27.054708,Paid
427,2,614.49,2024-09-29 23:11:39.559118,2024-11-18 23:11:39.559118,Paid
428,279,566.99,2024-10-17 14:24:45.422935,2024-12-21 14:24:45.422935,Paid
429,163,286.43,2024-08-17 02:02:59.062854,2024-10-13 02:02:59.062854,Paid
430,42,613.48,2025-07-21 04:42:08.294895,2025-09-01 04:42:08.294895,Paid
431,223,216.71,2024-12-03 08:20:31.996580,2025-01-21 08:20:31.996580,Deposit
432,228,757.4,2024-07-01 19:12:36.484137,2024-08-03 19:12:36.484137,Deposit
433,206,367.36,2025-01-04 17:34:45.743778,2025-03-05 17:34:45.743778,Paid
434,5,756.84,2024-09-13 07:22:49.706425,2024-11-12 07:22:49.706425,Cancelled
435,199,374.34,2024-01-30 00:54:39.414057,2024-03-05 00:54:39.414057,Paid
436,181,692.14,2024-05-22 06:59:09.860713,2024-06-23 06:59:09.860713,Paid
437,229,273.28,2025-01-14 05:57:39.635039,2025-02-22 05:57:39.635039,Paid
438,165,321.3,2025-03-05 13:57:27.664180,2025-04-18 13:57:27.664180,Paid
439,124,200.2,2024-12-11 00:41:36.327893,2025-02-22 00:41:36.327893,Paid
440,251,507.05,2024-02-27 09:07:01.131862,2024-04-29 09:07:01.131862,Deposit
441,218,276.85,2024-06-04 11:55:10.749344,2024-09-02 11:55:10.749344,Paid
442,47,670.15,2024-05-08 06:14:54.434770,2024-06-15 06:14:54.434770,Paid
443,186,697.03,2025-08-10 08:53:00.156790,2025-09-18 08:53:00.156790,Deposit
444,32,416.24,2025-05-15 06:28:30.209345,2025-07-08 06:28:30.209345,Paid
445,182,776.49,2025-04-02 20:21:23.561975,2025-06-21 20:21:23.561975,Paid
446,128,396.23,2024-09-17 02:21:50.473759,2024-11-22 02:21:50.473759,Cancelled
447,44,762.44,2024-03-06 11:20:30.034854,2024-05-24 11:20:30.034854,Cancelled
448,87,372.86,2025-06-02 03:14:20.662737,2025-07-26 03:14:20.662737,Cancelled
449,232,688.67,2024-08-31 10:34:39.940224,2024-10-25 10:34:39.940224,Paid
450,162,740.86,2025-01-28 19:15:18.506268,2025-04-12 19:15:18.506268,Cancelled
451,18,280.99,2025-08-05 14:25:15.208230,2025-09-25 14:25:15.208230,Deposit
452,204,580.93,2025-06-16 20:00:07.707006,2025-09-09 20:00:07.707006,Deposit
453,289,344.69,2025-07-01 22:25:23.436878,2025-08-17 22:25:23.436878,Paid
454,62,323.37,2024-04-14 01:46:16.840700,2024-06-30 01:46:16.840700,Paid
455,284,249.01,2024-01-27 18:53:53.904773,2024-03-01 18:53:53.904773,Paid
456,13,281.13,2024-06-26 13:07:21.004552,2024-07-27 13:07:21.004552,Paid
457,109,378.57,2024-09-02 19:02:45.512659,2024-10-31 19:02:45.512659,Deposit
458,108,432.86,2024-09-05 17:28:12.786041,2024-10-30 17:28:12.786041,Paid
459,298,717.63,2024-01-11 03:43:28.030528,2024-04-05 03:43:28.030528,Deposit
460,241,233.67,2024-08-07 18:04:17.446215,2024-10-23 18:04:17.446215,Cancelled
461,174,354.4,2024-02-09 16:23:32.913392,2024-04-28 16:23:32.913392,Paid
462,267,740.89,2024-05-25 00:43:43.640828,2024-07-26 00:43:43.640828,Deposit
463,52,676.11,2024-05-18 01:17:34.248923,2024-08-07 01:17:34.248923,Paid
464,126,492.8,2024-01-28 08:00:11.733776,2024-03-25 08:00:11.733776,Paid
465,267,275.43,2024-07-12 11:39:09.910968,2024-10-02 11:39:09.910968,Cancelled
466,159,241.2,2024-02-15 05:26:55.783948,2024-04-20 05:26:55.783948,Paid
467,197,410.33,2024-06-17 23:05:13.723449,2024-08-03 23:05:13.723449,Cancelled
468,192,771.91,2024-02-05 14:10:02.212210,2024-03-18 14:10:02.212210,Deposit
469,96,463.0,2024-09-10 09:28:50.326731,2024-11-04 09:28:50.326731,Cancelled
470,66,441.42,2025-02-27 16:30:03.415337,2025-04-16 16:30:03.415337,Paid
471,98,517.05,2024-12-01 11:01:59.093323,2025-02-21 11:01:59.093323,Paid
472,3,610.27,2025-02-10 10:48:15.789595,2025-05-09 10:48:15.789595,Deposit
473,125,720.26,2024-03-31 16:37:13.102314,2024-05-11 16:37:13.102314,Deposit
474,197,593.2,2024-03-29 03:33:40.633092,2024-06-15 03:33:40.633092,Paid
475,29,303.13,2024-03-19 19:27:25.249992,2024-06-04 19:27:25.249992,Paid
476,298,726.16,2025-07-27 14:25:08.748713,2025-09-24 14:25:08.748713,Paid
477,189,213.51,2025-07-02 12:32:35.316907,2025-08-05 12:32:35.316907,Paid
478,276,766.08,2024-11-22 18:32:35.275780,2025-01-17 18:32:35.275780,Paid
479,80,558.54,2024-10-13 08:03:58.736598,2025-01-08 08:03:58.736598,Deposit
480,28,520.6,2024-07-10 15:15:01.876272,2024-08-30 15:15:01.876272,Cancelled
481,152,720.03,2024-12-22 14:07:12.250457,2025-02-03 14:07:12.250457,Deposit
482,35,707.19,2025-03-16 16:15:33.391845,2025-04-23 16:15:33.391845,Cancelled
483,187,474.99,2024-02-17 12:28:39.268232,2024-03-18 12:28:39.268232,Paid
484,172,329.93,2024-09-24 00:32:08.483325,2024-12-11 00:32:08.483325,Cancelled
485,94,348.89,2024-01-30 04:24:13.640104,2024-03-14 04:24:13.640104,Paid
486,58,579.75,2025-03-17 01:00:17.236423,2025-04-20 01:00:17.236423,Paid
487,86,562.71,2024-02-25 21:58:19.118997,2024-04-16 21:58:19.118997,Cancelled
488,103,588.52,2024-07-31 13:54:25.916730,2024-10-17 13:54:25.916730,Paid
489,211,529.33,2025-07-02 18:28:08.304803,2025-08-15 18:28:08.304803,Paid
490,244,653.8,2025-03-27 18:37:50.037171,2025-06-10 18:37:50.037171,Paid
491,300,722.24,2024-07-31 09:21:40.449256,2024-10-07 09:21:40.449256,Paid
492,42,277.86,2025-08-02 07:01:03.455479,2025-09-27 07:01:03.455479,Deposit
493,289,790.38,2025-01-16 21:10:59.347148,2025-03-31 21:10:59.347148,Paid
494,78,355.56,2025-08-10 00:16:35.822703,2025-10-17 00:16:35.822703,Deposit
495,155,737.74,2025-01-11 11:28:02.492696,2025-02-28 11:28:02.492696,Deposit
496,238,535.2,2024-03-15 21:48:49.917940,2024-04-26 21:48:49.917940,Cancelled
497,270,397.78,2024-05-03 01:39:15.704541,2024-07-30 01:39:15.704541,Paid
498,252,583.95,2024-05-22 00:08:53.341865,2024-08-18 00:08:53.341865,Paid
499,255,652.44,2024-05-09 06:36:04.351606,2024-06-12 06:36:04.351606,Cancelled
500,125,399.13,2024-04-04 15:58:58.135248,2024-06-02 15:58:58.135248,Cancelled
501,154,503.37,2024-10-17 06:49:18.079173,2025-01-06 06:49:18.079173,Cancelled
502,274,285.27,2025-07-02 23:42:19.321125,2025-08-01 23:42:19.321125,Cancelled
503,69,792.65,2024-05-20 06:32:02.472173,2024-07-06 06:32:02.472173,Paid
504,131,380.68,2025-06-13 04:49:16.672600,2025-07-30 04:49:16.672600,Deposit
505,57,734.08,2024-03-13 01:26:50.341879,2024-04-19 01:26:50.341879,Deposit
506,193,553.34,2025-01-03 21:14:16.234194,2025-02-28 21:14:16.234194,Paid
507,66,569.52,2024-08-02 04:08:11.208459,2024-10-20 04:08:11.208459,Deposit
508,175,433.23,2025-07-16 03:38:53.170266,2025-09-14 03:38:53.170266,Paid
509,242,697.65,2024-06-22 08:49:25.831098,2024-07-22 08:49:25.831098,Cancelled
510,9,318.38,2025-02-27 08:21:22.005904,2025-05-01 08:21:22.005904,Cancelled
511,242,645.14,2024-05-28 03:56:55.845887,2024-07-27 03:56:55.845887,Deposit
512,146,257.57,2024-05-12 08:37:29.822236,2024-08-07 08:37:29.822236,Paid
513,93,725.3,2024-11-21 00:54:24.407763,2025-02-13 00:54:24.407763,Paid
514,143,696.79,2024-04-19 08:15:33.168391,2024-05-22 08:15:33.168391,Deposit
515,221,748.52,2024-04-07 18:44:46.443423,2024-06-05 18:44:46.443423,Paid
516,31,225.28,2024-03-16 06:52:49.208456,2024-05-16 06:52:49.208456,Cancelled
517,249,407.18,2025-01-29 20:10:26.895536,2025-02-28 20:10:26.895536,Cancelled
518,284,757.27,2024-11-07 21:23:03.677320,2024-12-20 21:23:03.677320,Cancelled
519,211,631.4,2024-10-05 02:40:47.223959,2024-12-28 02:40:47.223959,Paid
520,262,535.81,2024-07-24 14:23:07.426280,2024-10-07 14:23:07.426280,Paid
521,9,623.54,2024-02-27 00:16:10.555561,2024-05-20 00:16:10.555561,Paid
522,212,649.71,2024-12-16 05:21:12.968402,2025-02-15 05:21:12.968402,Paid
523,73,382.45,2025-06-14 22:47:00.533219,2025-07-27 22:47:00.533219,Paid
524,4,363.1,2024-11-26 18:43:08.232232,2025-02-17 18:43:08.232232,Deposit
525,289,642.44,2024-11-23 12:26:09.340045,2024-12-31 12:26:09.340045,Cancelled
526,287,299.36,2024-03-19 11:05:30.117151,2024-06-10 11:05:30.117151,Cancelled
527,86,695.97,2024-05-21 09:28:29.218892,2024-07-01 09:28:29.218892,Cancelled
528,15,420.09,2025-02-14 09:08:30.750712,2025-05-11 09:08:30.750712,Deposit
529,180,643.84,2025-08-11 08:56:03.169887,2025-10-05 08:56:03.169887,Paid
530,287,309.86,2024-12-06 20:03:41.776479,2025-01-24 20:03:41.776479,Deposit
531,60,672.59,2025-03-02 14:28:18.588930,2025-04-14 14:28:18.588930,Paid
532,281,740.18,2024-09-24 22:31:55.762118,2024-11-25 22:31:55.762118,Deposit
533,218,729.16,2024-09-16 07:46:47.497187,2024-11-15 07:46:47.497187,Deposit
534,289,419.39,2024-05-02 10:25:29.232544,2024-06-19 10:25:29.232544,Cancelled
535,98,456.77,2024-10-20 19:04:35.972940,2024-11-22 19:04:35.972940,Cancelled
536,296,476.75,2025-06-11 21:42:37.375863,2025-07-20 21:42:37.375863,Paid
537,224,499.56,2024-08-12 09:32:28.948343,2024-11-02 09:32:28.948343,Paid
538,64,275.12,2024-04-06 19:30:18.263945,2024-06-22 19:30:18.263945,Deposit
539,227,250.58,2024-08-11 21:25:38.088592,2024-10-24 21:25:38.088592,Cancelled
540,265,778.29,2025-06-29 14:06:46.760752,2025-09-02 14:06:46.760752,Cancelled
541,271,641.65,2024-11-14 00:19:53.653038,2025-02-05 00:19:53.653038,Deposit
542,86,563.1,2025-03-10 07:14:34.795657,2025-05-26 07:14:34.795657,Paid
543,96,220.94,2024-09-12 14:12:36.293205,2024-11-24 14:12:36.293205,Paid
544,291,725.22,2024-07-09 10:30:19.140710,2024-09-04 10:30:19.140710,Deposit
545,41,236.4,2024-04-11 07:52:14.035738,2024-06-01 07:52:14.035738,Paid
546,92,270.71,2025-06-10 19:11:02.993787,2025-08-18 19:11:02.993787,Paid
547,145,763.54,2024-07-15 04:38:10.661475,2024-09-16 04:38:10.661475,Paid
548,39,668.25,2024-06-13 16:56:01.065717,2024-08-16 16:56:01.065717,Deposit
549,15,341.41,2024-01-03 04:36:49.789324,2024-02-25 04:36:49.789324,Paid
550,6,753.14,2025-08-10 11:31:22.028954,2025-10-31 11:31:22.028954,Cancelled
551,273,603.67,2024-10-03 08:24:43.123878,2024-12-30 08:24:43.123878,Paid
552,6,613.97,2025-02-28 00:19:31.319194,2025-04-23 00:19:31.319194,Cancelled
553,188,690.89,2024-07-22 13:17:00.637980,2024-10-12 13:17:00.637980,Paid
554,201,561.65,2024-07-02 14:39:45.998309,2024-08-21 14:39:45.998309,Cancelled
555,189,583.61,2024-06-05 18:05:01.604791,2024-08-08 18:05:01.604791,Deposit
556,25,263.85,2025-06-27 03:48:56.349219,2025-09-18 03:48:56.349219,Cancelled
557,193,254.75,2024-05-25 11:08:05.236043,2024-08-04 11:08:05.236043,Paid
558,210,341.56,2025-08-24 08:17:12.514443,2025-09-27 08:17:12.514443,Paid
559,130,721.52,2024-05-27 07:42:35.182730,2024-08-23 07:42:35.182730,Paid
560,57,499.4,2024-11-05 15:51:36.483534,2024-12-29 15:51:36.483534,Paid
561,17,741.81,2024-12-27 15:45:11.456224,2025-01-28 15:45:11.456224,Deposit
562,162,604.1,2025-01-13 02:11:59.378168,2025-03-22 02:11:59.378168,Paid
563,110,458.01,2025-06-01 22:19:56.063201,2025-07-31 22:19:56.063201,Deposit
564,234,458.32,2025-04-23 02:44:23.231745,2025-06-10 02:44:23.231745,Deposit
565,164,542.8,2024-06-13 15:45:37.785416,2024-09-11 15:45:37.785416,Paid
566,248,395.52,2024-10-31 03:57:13.613026,2025-01-07 03:57:13.613026,Cancelled
567,125,382.19,2025-05-26 05:02:33.884569,2025-08-11 05:02:33.884569,Paid
568,232,300.37,2024-03-27 14:15:30.874034,2024-05-07 14:15:30.874034,Paid
569,168,719.07,2024-09-10 06:30:58.025646,2024-12-03 06:30:58.025646,Paid
570,262,251.1,2025-01-04 20:31:12.089492,2025-02-19 20:31:12.089492,Paid
571,217,792.63,2024-07-23 14:00:29.834281,2024-10-03 14:00:29.834281,Cancelled
572,235,326.12,2025-08-24 08:32:51.809851,2025-10-13 08:32:51.809851,Deposit
573,176,750.08,2024-09-29 03:49:59.403955,2024-12-04 03:49:59.403955,Paid
574,50,783.23,2024-09-22 07:54:13.787180,2024-11-06 07:54:13.787180,Paid
575,226,292.96,2024-06-07 00:19:39.448724,2024-09-01 00:19:39.448724,Paid
576,183,442.19,2025-01-09 07:15:39.696270,2025-02-19 07:15:39.696270,Paid
577,125,324.66,2025-01-23 17:03:20.076866,2025-03-06 17:03:20.076866,Cancelled
578,270,455.8,2025-06-28 15:04:39.593078,2025-09-20 15:04:39.593078,Paid
579,121,635.62,2025-03-08 21:28:59.205759,2025-04-20 21:28:59.205759,Paid
580,245,313.22,2024-06-25 15:56:12.258261,2024-08-17 15:56:12.258261,Cancelled
581,90,537.99,2025-08-22 06:12:13.381310,2025-10-20 06:12:13.381310,Paid
582,218,629.79,2025-06-05 09:14:58.250518,2025-08-28 09:14:58.250518,Paid
583,3,600.97,2024-04-17 11:50:18.372709,2024-06-22 11:50:18.372709,Deposit
584,279,415.34,2024-11-08 03:01:37.099088,2024-12-10 03:01:37.099088,Paid
585,64,441.42,2025-07-01 09:20:46.200504,2025-09-02 09:20:46.200504,Paid
586,203,577.34,2024-09-16 18:53:05.796137,2024-10-22 18:53:05.796137,Paid
587,17,577.21,2025-01-19 21:48:27.129913,2025-03-26 21:48:27.129913,Deposit
588,284,474.72,2024-05-09 20:51:49.613401,2024-07-11 20:51:49.613401,Paid
589,119,644.96,2024-04-22 14:54:35.067538,2024-06-22 14:54:35.067538,Paid
590,204,330.14,2024-05-04 14:40:45.515828,2024-06-07 14:40:45.515828,Paid
591,20,565.68,2024-06-05 17:45:45.410575,2024-08-19 17:45:45.410575,Deposit
592,145,295.25,2024-01-14 17:19:00.827201,2024-03-27 17:19:00.827201,Deposit
593,36,445.25,2025-06-19 18:39:13.581794,2025-08-03 18:39:13.581794,Deposit
594,186,275.49,2025-02-14 09:42:36.360161,2025-05-12 09:42:36.360161,Paid
595,69,254.04,2024-07-23 02:00:16.232318,2024-09-29 02:00:16.232318,Deposit
596,267,763.61,2024-11-16 03:08:49.683659,2025-02-14 03:08:49.683659,Cancelled
597,113,438.75,2025-03-11 23:51:03.212813,2025-04-24 23:51:03.212813,Deposit
598,145,557.71,2025-02-05 13:54:07.400342,2025-04-18 13:54:07.400342,Cancelled
599,226,774.18,2024-04-04 20:05:51.979846,2024-06-10 20:05:51.979846,Paid
600,219,493.07,2025-05-29 04:05:16.945346,2025-08-22 04:05:16.945346,Paid
601,292,259.12,2024-05-25 19:45:04.550667,2024-08-20 19:45:04.550667,Paid
602,254,239.83,2024-01-11 23:12:15.114840,2024-02-15 23:12:15.114840,Deposit
603,156,411.92,2025-06-26 00:16:46.396873,2025-08-28 00:16:46.396873,Paid
604,222,274.73,2025-07-19 10:44:10.570947,2025-10-07 10:44:10.570947,Deposit
605,175,696.76,2024-10-26 14:28:45.467938,2024-12-01 14:28:45.467938,Cancelled
606,222,430.25,2025-04-02 18:48:36.028409,2025-05-20 18:48:36.028409,Deposit
607,154,332.53,2024-10-17 03:32:34.663135,2024-12-22 03:32:34.663135,Paid
608,282,550.81,2025-02-10 23:53:48.420223,2025-04-07 23:53:48.420223,Paid
609,73,466.72,2024-01-12 15:54:41.053680,2024-03-09 15:54:41.053680,Paid
610,297,722.74,2025-01-17 12:44:28.581668,2025-03-14 12:44:28.581668,Paid
611,31,432.87,2025-07-30 09:11:58.634463,2025-09-17 09:11:58.634463,Paid
612,17,395.63,2024-06-27 06:20:25.121927,2024-09-12 06:20:25.121927,Paid
613,118,731.81,2025-06-06 14:26:31.090197,2025-07-31 14:26:31.090197,Paid
614,44,398.98,2024-08-07 00:57:50.177361,2024-10-16 00:57:50.177361,Deposit
615,73,489.67,2024-05-22 10:29:10.494990,2024-06-25 10:29:10.494990,Deposit
616,263,656.14,2024-02-12 14:26:59.316372,2024-04-21 14:26:59.316372,Cancelled
617,6,526.58,2024-03-04 18:07:20.973502,2024-05-13 18:07:20.973502,Cancelled
618,294,719.66,2025-07-11 03:52:59.874920,2025-08-28 03:52:59.874920,Deposit
619,15,385.55,2024-08-23 16:58:29.178038,2024-10-02 16:58:29.178038,Cancelled
620,234,472.07,2025-07-16 19:26:01.955222,2025-08-20 19:26:01.955222,Paid
621,285,622.15,2025-01-29 01:22:42.758759,2025-02-28 01:22:42.758759,Paid
622,263,576.01,2025-01-31 10:37:13.652458,2025-03-24 10:37:13.652458,Paid
623,289,321.18,2024-06-02 12:20:49.422409,2024-08-07 12:20:49.422409,Paid
624,218,738.08,2025-08-02 12:05:46.784351,2025-09-19 12:05:46.784351,Cancelled
625,182,289.57,2025-04-03 04:28:41.107762,2025-05-19 04:28:41.107762,Deposit
626,122,583.1,2024-03-05 01:13:04.175849,2024-05-17 01:13:04.175849,Paid
627,192,247.4,2024-07-09 08:05:21.824668,2024-09-17 08:05:21.824668,Paid
628,268,777.01,2024-03-12 05:36:09.422976,2024-05-14 05:36:09.422976,Paid
629,4,218.44,2024-11-17 10:16:01.809280,2025-01-29 10:16:01.809280,Paid
630,217,551.2,2024-11-05 02:17:59.257312,2025-01-31 02:17:59.257312,Cancelled
631,45,381.03,2025-05-12 06:52:56.238881,2025-07-12 06:52:56.238881,Paid
632,291,696.83,2024-09-12 10:26:07.946692,2024-12-04 10:26:07.946692,Paid
633,169,249.96,2025-07-21 02:00:39.183980,2025-10-02 02:00:39.183980,Cancelled
634,74,266.09,2025-04-04 17:05:32.616769,2025-05-27 17:05:32.616769,Cancelled
635,57,625.96,2024-12-04 07:53:15.732571,2025-02-03 07:53:15.732571,Paid
636,130,556.6,2024-07-01 11:59:15.286024,2024-09-02 11:59:15.286024,Cancelled
637,233,766.87,2025-06-14 00:59:36.240162,2025-08-08 00:59:36.240162,Paid
638,107,345.62,2025-08-11 19:37:02.987903,2025-09-10 19:37:02.987903,Deposit
639,207,720.29,2025-02-13 15:52:58.771304,2025-03-26 15:52:58.771304,Deposit
640,202,742.94,2024-06-12 09:51:45.885858,2024-07-23 09:51:45.885858,Paid
641,67,632.12,2025-07-29 21:52:02.203831,2025-09-14 21:52:02.203831,Deposit
642,259,727.79,2025-05-27 02:49:27.354987,2025-08-11 02:49:27.354987,Paid
643,244,200.74,2025-06-28 20:00:20.474125,2025-08-27 20:00:20.474125,Cancelled
644,185,505.66,2024-06-16 00:36:31.523628,2024-08-18 00:36:31.523628,Paid
645,277,511.96,2024-12-20 02:11:29.704428,2025-01-22 02:11:29.704428,Cancelled
646,95,260.85,2025-07-17 11:45:27.838903,2025-09-15 11:45:27.838903,Paid
647,120,472.65,2025-06-24 17:28:39.443004,2025-09-21 17:28:39.443004,Cancelled
648,165,688.52,2025-02-16 22:14:05.611425,2025-03-30 22:14:05.611425,Cancelled
649,106,405.31,2024-03-26 15:30:20.436325,2024-05-17 15:30:20.436325,Paid
650,56,270.41,2025-07-09 18:27:50.222416,2025-09-01 18:27:50.222416,Cancelled
651,230,758.16,2024-06-18 11:12:53.190109,2024-09-07 11:12:53.190109,Deposit
652,253,775.2,2024-11-15 12:23:39.149582,2024-12-20 12:23:39.149582,Paid
653,39,656.49,2024-05-31 08:08:59.936922,2024-08-07 08:08:59.936922,Cancelled
654,5,678.33,2024-12-27 15:43:26.255865,2025-02-28 15:43:26.255865,Paid
655,137,204.59,2024-08-13 10:17:14.205031,2024-10-24 10:17:14.205031,Paid
656,139,400.51,2025-01-06 05:58:00.041115,2025-02-09 05:58:00.041115,Paid
657,49,686.8,2024-04-14 08:09:18.478776,2024-05-20 08:09:18.478776,Cancelled
658,162,368.67,2025-05-24 05:45:37.538540,2025-07-07 05:45:37.538540,Paid
659,123,650.82,2025-06-29 23:02:09.013787,2025-07-30 23:02:09.013787,Cancelled
660,244,564.09,2024-01-25 21:07:15.425349,2024-04-19 21:07:15.425349,Cancelled
661,159,784.27,2025-01-27 17:29:34.517265,2025-03-09 17:29:34.517265,Cancelled
662,184,669.0,2025-04-24 08:07:06.968861,2025-06-26 08:07:06.968861,Paid
663,22,290.25,2024-01-23 10:46:34.456711,2024-03-21 10:46:34.456711,Paid
664,106,664.85,2025-03-23 18:20:51.632316,2025-06-13 18:20:51.632316,Deposit
665,86,236.46,2024-04-07 09:05:38.117598,2024-07-06 09:05:38.117598,Paid
666,299,415.23,2024-06-30 02:09:20.184855,2024-09-18 02:09:20.184855,Paid
667,136,320.07,2024-01-14 10:46:17.490695,2024-02-28 10:46:17.490695,Paid
668,151,772.65,2024-08-30 04:21:49.392140,2024-11-08 04:21:49.392140,Deposit
669,26,407.41,2024-02-23 03:35:51.125378,2024-04-11 03:35:51.125378,Paid
670,141,441.61,2025-02-27 21:09:03.823059,2025-04-05 21:09:03.823059,Paid
671,124,212.88,2024-12-15 20:56:16.009748,2025-01-15 20:56:16.009748,Cancelled
672,266,616.6,2024-05-18 20:20:27.609203,2024-07-05 20:20:27.609203,Paid
673,212,621.22,2025-06-07 03:45:03.130600,2025-07-07 03:45:03.130600,Deposit
674,169,752.33,2025-07-02 21:40:53.352027,2025-08-30 21:40:53.352027,Paid
675,248,651.85,2025-05-28 02:14:48.108120,2025-08-15 02:14:48.108120,Cancelled
676,17,541.03,2024-08-25 08:06:37.755893,2024-11-15 08:06:37.755893,Paid
677,252,702.11,2024-12-06 10:50:04.795158,2025-01-20 10:50:04.795158,Paid
678,195,320.96,2025-06-30 08:03:39.818671,2025-08-29 08:03:39.818671,Paid
679,116,398.53,2025-08-04 14:43:05.252231,2025-10-20 14:43:05.252231,Paid
680,216,287.62,2024-01-22 14:02:40.050915,2024-04-17 14:02:40.050915,Deposit
681,37,414.53,2025-04-12 05:18:27.611373,2025-05-12 05:18:27.611373,Paid
682,228,450.07,2025-06-20 03:11:14.573815,2025-08-26 03:11:14.573815,Paid
683,241,497.48,2024-08-14 11:14:58.343534,2024-10-14 11:14:58.343534,Cancelled
684,223,537.52,2024-12-31 14:07:10.262172,2025-02-02 14:07:10.262172,Deposit
685,164,619.96,2025-01-05 13:19:08.474792,2025-03-07 13:19:08.474792,Deposit
686,232,240.24,2024-06-17 10:24:12.883435,2024-09-01 10:24:12.883435,Paid
687,269,736.11,2025-04-15 20:50:13.553550,2025-06-15 20:50:13.553550,Paid
688,260,398.98,2024-06-17 05:22:28.138926,2024-08-20 05:22:28.138926,Deposit
689,241,736.56,2024-05-17 03:58:02.327157,2024-06-26 03:58:02.327157,Paid
690,239,481.0,2024-05-15 10:12:52.402055,2024-07-13 10:12:52.402055,Cancelled
691,96,360.62,2024-07-28 17:06:03.981729,2024-10-20 17:06:03.981729,Deposit
692,256,785.16,2024-07-21 14:29:13.368412,2024-10-11 14:29:13.368412,Paid
693,33,413.26,2024-05-11 23:32:02.371098,2024-06-28 23:32:02.371098,Paid
694,175,454.18,2025-03-15 23:47:45.278460,2025-04-16 23:47:45.278460,Paid
695,113,499.44,2024-10-09 03:16:30.153783,2024-11-10 03:16:30.153783,Paid
696,130,283.07,2024-02-02 08:32:42.568296,2024-03-19 08:32:42.568296,Paid
697,117,336.82,2024-07-07 11:51:56.266595,2024-09-16 11:51:56.266595,Paid
698,134,465.25,2025-08-24 04:29:42.680686,2025-11-14 04:29:42.680686,Paid
699,80,432.15,2024-03-28 23:35:52.378704,2024-06-19 23:35:52.378704,Paid
700,138,310.72,2025-02-09 09:29:50.930341,2025-04-14 09:29:50.930341,Paid
701,147,273.59,2025-06-30 18:37:49.091034,2025-09-03 18:37:49.091034,Paid
702,236,551.31,2024-02-28 14:23:20.335211,2024-05-12 14:23:20.335211,Paid
703,91,455.47,2025-01-01 10:52:04.506953,2025-03-14 10:52:04.506953,Paid
704,1,348.79,2024-05-06 10:54:33.200130,2024-07-10 10:54:33.200130,Deposit
705,64,649.25,2024-12-14 18:42:11.156196,2025-02-20 18:42:11.156196,Paid
706,58,756.71,2025-01-28 01:34:13.846149,2025-03-22 01:34:13.846149,Cancelled
707,234,750.06,2025-07-30 05:24:54.688372,2025-09-16 05:24:54.688372,Paid
708,183,415.46,2024-09-07 22:33:40.864049,2024-10-21 22:33:40.864049,Deposit
709,90,499.45,2024-08-04 10:07:52.869882,2024-10-31 10:07:52.869882,Paid
710,110,430.62,2024-03-19 12:31:15.177896,2024-05-17 12:31:15.177896,Paid
711,109,371.37,2025-04-07 13:42:35.012759,2025-05-23 13:42:35.012759,Paid
712,55,487.89,2024-10-09 10:11:54.691478,2024-12-24 10:11:54.691478,Deposit
713,34,458.26,2025-04-08 14:43:27.721840,2025-06-29 14:43:27.721840,Cancelled
714,282,480.28,2024-06-19 16:33:16.195152,2024-08-12 16:33:16.195152,Cancelled
715,126,450.0,2024-08-08 20:37:46.206659,2024-10-03 20:37:46.206659,Cancelled
716,99,698.92,2024-06-28 13:57:24.584677,2024-09-15 13:57:24.584677,Cancelled
717,118,341.1,2024-12-17 15:25:06.582519,2025-02-21 15:25:06.582519,Paid
718,175,463.26,2024-10-21 23:16:51.535414,2024-12-18 23:16:51.535414,Paid
719,197,649.99,2024-03-04 02:51:06.146588,2024-04-12 02:51:06.146588,Paid
720,70,764.43,2024-12-11 04:34:51.741324,2025-01-26 04:34:51.741324,Paid
721,174,271.24,2024-08-13 08:41:06.913798,2024-10-12 08:41:06.913798,Paid
722,143,412.81,2024-10-05 10:07:56.854355,2024-12-21 10:07:56.854355,Paid
723,256,426.05,2024-03-29 00:41:30.822400,2024-05-03 00:41:30.822400,Paid
724,162,375.72,2024-02-11 14:26:09.224684,2024-04-19 14:26:09.224684,Deposit
725,27,371.3,2025-05-05 07:51:56.308266,2025-07-13 07:51:56.308266,Paid
726,117,436.27,2025-05-09 12:01:48.769628,2025-06-17 12:01:48.769628,Deposit
727,15,299.0,2025-02-16 14:32:52.176650,2025-05-12 14:32:52.176650,Paid
728,286,408.04,2024-03-21 18:38:31.238067,2024-04-21 18:38:31.238067,Paid
729,91,561.25,2024-04-07 12:37:55.030957,2024-06-11 12:37:55.030957,Deposit
730,283,727.79,2024-05-03 00:15:11.964368,2024-06-26 00:15:11.964368,Paid
731,34,646.29,2024-05-28 05:35:47.414901,2024-08-16 05:35:47.414901,Paid
732,111,531.9,2024-12-29 18:33:03.406344,2025-03-11 18:33:03.406344,Cancelled
733,59,641.02,2025-04-14 08:44:22.982346,2025-06-01 08:44:22.982346,Deposit
734,230,500.9,2024-11-03 15:32:56.695705,2025-01-03 15:32:56.695705,Cancelled
735,58,321.22,2025-04-21 20:58:30.106385,2025-07-19 20:58:30.106385,Paid
736,1,563.79,2024-02-16 12:39:03.830182,2024-05-03 12:39:03.830182,Deposit
737,102,698.75,2025-06-28 00:09:30.030021,2025-08-29 00:09:30.030021,Cancelled
738,33,544.5,2024-12-22 19:15:22.098657,2025-03-22 19:15:22.098657,Paid
739,5,377.06,2024-09-28 21:30:46.101212,2024-11-02 21:30:46.101212,Deposit
740,132,775.29,2024-04-08 10:02:44.548470,2024-06-03 10:02:44.548470,Cancelled
741,43,663.83,2025-07-29 17:33:03.691189,2025-09-25 17:33:03.691189,Paid
742,60,275.54,2025-03-10 02:22:11.917632,2025-06-03 02:22:11.917632,Cancelled
743,276,653.39,2024-02-03 19:52:08.400429,2024-05-01 19:52:08.400429,Paid
744,186,591.61,2024-03-06 14:27:08.087507,2024-05-09 14:27:08.087507,Deposit
745,166,436.13,2024-04-13 02:11:13.390653,2024-07-08 02:11:13.390653,Deposit
746,107,508.64,2024-05-01 07:52:39.091258,2024-07-29 07:52:39.091258,Paid
747,250,643.15,2025-03-22 04:38:11.124477,2025-05-30 04:38:11.124477,Paid
748,263,641.55,2025-08-24 08:24:18.492234,2025-10-15 08:24:18.492234,Deposit
749,255,255.28,2025-03-22 08:52:01.919799,2025-06-05 08:52:01.919799,Paid
750,255,257.0,2024-03-22 15:10:51.604840,2024-05-05 15:10:51.604840,Cancelled
751,203,250.01,2024-11-07 05:12:16.042538,2025-02-05 05:12:16.042538,Deposit
752,4,221.77,2024-03-15 00:37:29.834201,2024-04-25 00:37:29.834201,Paid
753,142,600.06,2025-02-08 09:14:50.941988,2025-04-06 09:14:50.941988,Deposit
754,229,503.19,2025-04-01 01:46:16.064861,2025-06-09 01:46:16.064861,Deposit
755,237,667.36,2025-06-17 05:01:20.174726,2025-08-19 05:01:20.174726,Cancelled
756,206,637.74,2024-11-20 18:28:29.903676,2025-01-22 18:28:29.903676,Cancelled
757,234,332.98,2025-01-04 22:02:26.109579,2025-03-08 22:02:26.109579,Paid
758,276,546.49,2024-07-06 19:23:28.137477,2024-09-03 19:23:28.137477,Deposit
759,79,446.51,2024-02-12 00:51:01.950985,2024-04-11 00:51:01.950985,Deposit
760,117,751.86,2024-06-11 19:09:59.025961,2024-07-19 19:09:59.025961,Cancelled
761,281,476.79,2025-06-20 00:30:14.730111,2025-08-26 00:30:14.730111,Deposit
762,86,739.33,2025-01-01 13:30:17.374249,2025-03-17 13:30:17.374249,Paid
763,178,466.96,2024-08-17 00:48:34.493059,2024-10-31 00:48:34.493059,Paid
764,99,740.06,2024-10-01 16:49:22.250709,2024-12-19 16:49:22.250709,Paid
765,232,624.42,2025-03-20 18:31:20.090381,2025-04-30 18:31:20.090381,Cancelled
766,32,535.71,2024-07-17 16:59:28.641424,2024-09-25 16:59:28.641424,Paid
767,69,629.04,2024-01-30 21:05:53.650682,2024-02-29 21:05:53.650682,Paid
768,235,755.81,2025-07-21 03:49:20.465541,2025-09-04 03:49:20.465541,Paid
769,151,550.26,2024-08-19 00:27:43.610757,2024-10-26 00:27:43.610757,Deposit
770,180,288.83,2025-02-08 23:49:31.591396,2025-03-13 23:49:31.591396,Paid
771,170,589.01,2024-08-21 08:22:03.392469,2024-11-01 08:22:03.392469,Paid
772,267,773.71,2025-02-02 07:36:55.057268,2025-03-15 07:36:55.057268,Deposit
773,42,477.33,2024-08-18 12:05:18.878559,2024-11-06 12:05:18.878559,Paid
774,238,382.68,2025-07-13 17:32:29.706016,2025-08-17 17:32:29.706016,Paid
775,99,573.43,2025-07-02 00:38:35.914347,2025-09-23 00:38:35.914347,Deposit
776,205,486.02,2025-04-23 01:03:21.171865,2025-06-13 01:03:21.171865,Deposit
777,207,282.12,2025-01-10 10:08:00.672910,2025-03-17 10:08:00.672910,Cancelled
778,149,305.96,2024-03-15 21:53:20.020221,2024-05-11 21:53:20.020221,Deposit
779,191,663.09,2025-01-22 00:20:50.066261,2025-04-01 00:20:50.066261,Paid
780,155,565.35,2025-07-02 13:43:42.387937,2025-09-26 13:43:42.387937,Paid
781,241,484.55,2025-07-01 23:30:01.330580,2025-08-29 23:30:01.330580,Paid
782,175,749.86,2024-02-11 02:03:43.695643,2024-04-03 02:03:43.695643,Deposit
783,109,239.79,2025-06-09 16:53:01.008298,2025-08-28 16:53:01.008298,Deposit
784,287,742.27,2024-09-26 07:47:40.388200,2024-12-08 07:47:40.388200,Cancelled
785,155,349.78,2024-06-30 19:16:51.559127,2024-08-11 19:16:51.559127,Paid
786,285,795.28,2025-05-05 05:54:03.807567,2025-07-15 05:54:03.807567,Cancelled
787,191,642.18,2025-08-06 08:50:17.507388,2025-10-04 08:50:17.507388,Deposit
788,180,418.58,2025-06-10 05:50:11.192001,2025-08-14 05:50:11.192001,Deposit
789,121,713.69,2025-04-18 14:14:00.539170,2025-05-22 14:14:00.539170,Paid
790,209,746.18,2024-09-29 02:15:10.233936,2024-12-21 02:15:10.233936,Paid
791,101,556.41,2025-01-21 07:12:47.168113,2025-04-06 07:12:47.168113,Cancelled
792,250,785.37,2024-09-11 16:15:06.031075,2024-11-03 16:15:06.031075,Paid
793,293,655.0,2025-08-23 18:44:10.127942,2025-11-10 18:44:10.127942,Cancelled
794,17,747.77,2025-02-09 07:57:07.557936,2025-05-07 07:57:07.557936,Deposit
795,5,431.16,2025-01-27 08:04:11.605836,2025-03-17 08:04:11.605836,Cancelled
796,113,547.7,2024-07-20 07:52:15.530111,2024-10-01 07:52:15.530111,Deposit
797,286,276.07,2024-02-29 20:06:55.299175,2024-04-06 20:06:55.299175,Paid
798,206,725.09,2024-09-19 22:06:38.635011,2024-11-09 22:06:38.635011,Deposit
799,132,512.24,2024-10-30 22:18:53.604454,2025-01-04 22:18:53.604454,Paid
800,199,297.77,2025-01-03 11:43:35.027874,2025-03-08 11:43:35.027874,Paid
